<?xml version="1.0" encoding="UTF-8"?>

<!-- generated on 2024-01-22 10:42:41 by Eclipse SUMO GUI Version 1.19.0
<configuration xmlns:xsi="http://www.w3.org/2001/XMLSchema-instance" xsi:noNamespaceSchemaLocation="http://sumo.dlr.de/xsd/sumoConfiguration.xsd">

    <input>
        <net-file value="C:\Users\psxda10\Desktop\MDPI-SourceFile\SimulationFiles\osm.net.xml.gz"/>
        <route-files value="C:\Users\psxda10\Desktop\MDPI-SourceFile\SimulationFiles\osm.passenger.trips.xml"/>
        <additional-files value="C:\Users\psxda10\Desktop\MDPI-SourceFile\SimulationFiles\osm.poly.xml.gz"/>
    </input>

    <output>
        <fcd-output value="C:\Users\psxda10\Desktop\MDPI-SourceFile\SimulationFiles\dump1.xml"/>
    </output>

    <processing>
        <ignore-route-errors value="true"/>
    </processing>

    <routing>
        <device.rerouting.adaptation-steps value="18"/>
        <device.rerouting.adaptation-interval value="10"/>
    </routing>

    <report>
        <verbose value="true"/>
        <duration-log.statistics value="true"/>
        <no-step-log value="true"/>
    </report>

    <gui_only>
        <gui-settings-file value="C:\Users\psxda10\Desktop\MDPI-SourceFile\SimulationFiles\osm.view.xml"/>
    </gui_only>

</configuration>
